ProductID,ProductName,Category,Brand,CostPrice,SellingPrice
P00001,Up,Clothing,Brand44,51.68,68.74
P00002,Image,Clothing,Brand38,490.76,581.74
P00003,Want,Clothing,Brand10,464.93,545.94
P00004,Natural,Groceries,Brand30,19.29,27.43
P00005,Different,Electronics,Brand22,316.04,407.22
P00006,According,Groceries,Brand21,485.04,756.33
P00007,Weight,Furniture,Brand14,473.97,853.09
P00008,Quickly,Clothing,Brand21,432.32,718.12
P00009,Use,Groceries,Brand6,400.08,648.39
P00010,Share,Groceries,Brand6,202.43,247.9
P00011,Mother,Groceries,Brand50,15.15,18.87
P00012,Guy,Furniture,Brand8,204.19,317.11
P00013,Series,Clothing,Brand44,152.78,253.73
P00014,Adult,Electronics,Brand24,303.74,410.45
P00015,How,Groceries,Brand31,258.76,373.32
P00016,Letter,Electronics,Brand49,137.9,209.64
P00017,Claim,Furniture,Brand28,214.16,290.78
P00018,Raise,Clothing,Brand30,317.19,369.55
P00019,Always,Furniture,Brand32,339.84,527.88
P00020,Particularly,Electronics,Brand19,266.0,413.11
P00021,Anything,Groceries,Brand20,236.77,273.57
P00022,Avoid,Clothing,Brand16,78.56,93.44
P00023,Beautiful,Electronics,Brand36,263.93,344.91
P00024,Physical,Electronics,Brand33,42.88,48.52
P00025,Teach,Clothing,Brand23,215.33,251.1
P00026,Voice,Electronics,Brand8,131.16,151.78
P00027,Break,Furniture,Brand26,371.56,529.11
P00028,Debate,Clothing,Brand21,27.4,38.12
P00029,See,Groceries,Brand40,295.67,419.41
P00030,Debate,Furniture,Brand14,404.88,542.11
P00031,Low,Clothing,Brand44,96.62,156.81
P00032,Final,Electronics,Brand26,57.63,84.95
P00033,Cut,Groceries,Brand30,62.76,76.58
P00034,Pass,Groceries,Brand20,347.44,593.48
P00035,Other,Clothing,Brand45,311.16,554.41
P00036,Collection,Groceries,Brand20,338.53,535.96
P00037,Shoulder,Furniture,Brand8,48.38,57.79
P00038,Especially,Furniture,Brand2,408.9,649.02
P00039,Music,Furniture,Brand28,108.57,168.72
P00040,Discuss,Furniture,Brand6,421.83,717.42
P00041,Under,Groceries,Brand28,153.95,219.29
P00042,Ability,Furniture,Brand48,15.8,19.22
P00043,Create,Groceries,Brand2,352.79,626.1
P00044,Side,Furniture,Brand19,430.6,650.06
P00045,Rather,Electronics,Brand22,286.87,483.0
P00046,Bit,Groceries,Brand27,8.9,13.72
P00047,Account,Clothing,Brand3,425.07,686.89
P00048,New,Groceries,Brand15,246.31,354.75
P00049,Listen,Groceries,Brand37,358.57,527.03
P00050,Name,Groceries,Brand31,161.35,184.66
P00051,Less,Clothing,Brand29,62.89,96.59
P00052,Ability,Clothing,Brand47,350.27,390.4
P00053,Federal,Furniture,Brand33,100.14,134.26
P00054,Everybody,Clothing,Brand39,113.75,197.51
P00055,Sense,Groceries,Brand9,427.46,684.21
P00056,North,Groceries,Brand27,442.17,710.17
P00057,Project,Clothing,Brand31,417.37,655.76
P00058,House,Furniture,Brand19,400.88,677.96
P00059,Usually,Groceries,Brand9,346.9,402.52
P00060,House,Groceries,Brand7,90.78,109.79
P00061,Prepare,Groceries,Brand20,397.77,700.13
P00062,Score,Electronics,Brand23,121.19,180.55
P00063,Large,Furniture,Brand12,441.05,595.39
P00064,Reduce,Electronics,Brand5,414.83,716.05
P00065,Indicate,Furniture,Brand8,172.18,203.13
P00066,The,Clothing,Brand23,283.18,407.91
P00067,Cut,Clothing,Brand10,385.84,632.42
P00068,End,Electronics,Brand46,427.44,731.6
P00069,Seem,Groceries,Brand49,29.96,52.8
P00070,Degree,Electronics,Brand36,59.91,70.34
P00071,No,Electronics,Brand14,25.77,30.25
P00072,Million,Clothing,Brand46,455.94,551.65
P00073,Expert,Electronics,Brand10,223.55,325.07
P00074,Lay,Furniture,Brand8,325.31,434.04
P00075,Political,Groceries,Brand50,425.05,598.21
P00076,Star,Groceries,Brand22,385.67,490.46
P00077,Probably,Clothing,Brand24,146.95,179.26
P00078,Call,Furniture,Brand10,359.02,499.22
P00079,Rate,Furniture,Brand9,377.84,555.71
P00080,Would,Groceries,Brand30,401.88,558.37
P00081,Part,Clothing,Brand2,476.16,695.82
P00082,Day,Electronics,Brand6,224.08,367.29
P00083,Allow,Furniture,Brand28,172.46,238.19
P00084,Star,Furniture,Brand37,35.43,57.8
P00085,Tonight,Clothing,Brand27,33.62,51.85
P00086,Difficult,Clothing,Brand47,203.99,321.61
P00087,Best,Electronics,Brand18,372.64,647.08
P00088,Home,Furniture,Brand45,450.6,688.19
P00089,Nature,Groceries,Brand45,204.95,317.82
P00090,For,Groceries,Brand50,175.9,293.45
P00091,Sport,Electronics,Brand35,102.66,134.59
P00092,Standard,Furniture,Brand34,170.57,274.2
P00093,Cause,Electronics,Brand33,496.0,644.18
P00094,Grow,Furniture,Brand2,278.13,407.44
P00095,Its,Clothing,Brand16,18.81,31.18
P00096,Attorney,Groceries,Brand33,416.95,547.36
P00097,Trip,Clothing,Brand17,59.67,68.14
P00098,Turn,Electronics,Brand49,315.36,425.15
P00099,Ever,Clothing,Brand37,327.23,388.53
P00100,Church,Furniture,Brand48,369.75,524.01
P00101,Source,Furniture,Brand23,494.56,739.82
P00102,Picture,Furniture,Brand46,153.1,239.88
P00103,Do,Electronics,Brand21,191.94,310.22
P00104,On,Clothing,Brand30,260.64,321.84
P00105,Each,Groceries,Brand6,53.5,85.5
P00106,Brother,Furniture,Brand31,50.66,70.79
P00107,Treat,Groceries,Brand38,111.32,128.54
P00108,Baby,Clothing,Brand38,281.69,463.43
P00109,Forward,Groceries,Brand45,251.92,351.78
P00110,Pick,Groceries,Brand11,465.86,672.09
P00111,Smile,Groceries,Brand9,76.45,90.9
P00112,Control,Electronics,Brand45,484.18,706.53
P00113,Family,Furniture,Brand36,110.26,157.82
P00114,Material,Groceries,Brand8,187.82,331.74
P00115,Although,Electronics,Brand34,64.83,97.26
P00116,Someone,Clothing,Brand20,80.89,110.01
P00117,There,Furniture,Brand10,150.52,168.52
P00118,Benefit,Clothing,Brand19,392.98,548.3
P00119,Garden,Groceries,Brand1,111.71,186.93
P00120,Performance,Electronics,Brand27,65.55,88.1
P00121,New,Groceries,Brand22,243.18,320.22
P00122,Appear,Furniture,Brand49,391.77,561.27
P00123,School,Groceries,Brand43,73.57,113.7
P00124,The,Clothing,Brand6,227.29,387.86
P00125,Rather,Groceries,Brand25,400.91,627.48
P00126,Yeah,Electronics,Brand43,120.25,165.56
P00127,Live,Electronics,Brand11,445.57,719.66
P00128,Culture,Clothing,Brand36,355.07,532.75
P00129,Network,Electronics,Brand13,324.35,502.98
P00130,Grow,Electronics,Brand37,477.81,706.82
P00131,Value,Electronics,Brand8,263.27,427.92
P00132,Radio,Electronics,Brand18,330.84,487.1
P00133,Reflect,Groceries,Brand6,394.44,501.61
P00134,First,Groceries,Brand38,404.43,616.67
P00135,Sort,Electronics,Brand22,27.27,46.45
P00136,Line,Clothing,Brand25,221.32,307.74
P00137,World,Electronics,Brand35,132.3,156.15
P00138,Nearly,Clothing,Brand50,88.24,105.96
P00139,Source,Groceries,Brand44,49.37,64.91
P00140,Point,Clothing,Brand12,88.75,135.8
P00141,Foreign,Groceries,Brand7,18.45,21.05
P00142,Away,Clothing,Brand17,163.42,226.99
P00143,Ago,Electronics,Brand4,190.88,320.57
P00144,True,Furniture,Brand32,105.27,171.22
P00145,Play,Electronics,Brand18,256.77,373.11
P00146,Meet,Groceries,Brand5,35.01,49.9
P00147,Minute,Furniture,Brand2,244.66,338.91
P00148,Toward,Electronics,Brand16,138.23,245.28
P00149,Chair,Furniture,Brand20,382.67,595.47
P00150,Town,Furniture,Brand10,286.28,404.28
P00151,Phone,Furniture,Brand35,189.79,339.67
P00152,Social,Groceries,Brand3,476.54,844.88
P00153,Material,Clothing,Brand42,5.5,7.84
P00154,Beautiful,Groceries,Brand18,486.18,534.98
P00155,During,Groceries,Brand23,300.94,507.88
P00156,Activity,Clothing,Brand3,422.01,527.06
P00157,Show,Electronics,Brand20,84.9,125.13
P00158,Serve,Furniture,Brand47,49.41,78.51
P00159,Seem,Groceries,Brand14,280.46,363.37
P00160,Individual,Clothing,Brand44,307.17,543.75
P00161,Reality,Groceries,Brand18,472.98,730.57
P00162,To,Clothing,Brand14,126.73,226.61
P00163,Increase,Electronics,Brand45,232.6,353.47
P00164,Kitchen,Groceries,Brand1,71.19,124.27
P00165,Make,Groceries,Brand36,451.22,708.82
P00166,Rule,Groceries,Brand35,448.16,713.61
P00167,Our,Electronics,Brand35,45.17,77.41
P00168,Something,Groceries,Brand44,20.32,34.19
P00169,Only,Groceries,Brand39,66.09,117.67
P00170,Reach,Electronics,Brand8,182.19,223.01
P00171,By,Groceries,Brand1,234.03,410.81
P00172,Consumer,Clothing,Brand44,114.65,127.7
P00173,Win,Electronics,Brand40,461.09,622.69
P00174,Speak,Furniture,Brand15,314.49,523.91
P00175,They,Electronics,Brand18,490.16,871.07
P00176,Kind,Furniture,Brand1,248.95,396.54
P00177,Market,Groceries,Brand8,102.06,170.93
P00178,Guy,Groceries,Brand11,435.61,652.71
P00179,Today,Furniture,Brand5,278.13,434.41
P00180,Police,Furniture,Brand17,296.14,480.39
P00181,Piece,Clothing,Brand13,467.11,793.54
P00182,Off,Clothing,Brand44,424.6,473.93
P00183,Your,Groceries,Brand42,282.26,400.17
P00184,Number,Clothing,Brand28,338.18,525.88
P00185,Claim,Electronics,Brand44,422.95,585.71
P00186,Research,Electronics,Brand47,261.56,378.45
P00187,Trade,Groceries,Brand35,116.15,150.36
P00188,Close,Furniture,Brand22,227.19,250.73
P00189,Pretty,Electronics,Brand48,45.5,68.26
P00190,Marriage,Electronics,Brand16,116.69,184.68
P00191,Suggest,Electronics,Brand41,102.45,136.31
P00192,Product,Groceries,Brand2,314.52,352.11
P00193,Base,Clothing,Brand17,298.3,458.91
P00194,Lawyer,Clothing,Brand4,127.34,182.29
P00195,Within,Furniture,Brand5,411.71,602.65
P00196,Realize,Electronics,Brand41,389.0,596.61
P00197,Sister,Electronics,Brand3,226.0,268.35
P00198,Appear,Electronics,Brand9,191.81,330.5
P00199,Network,Electronics,Brand20,35.69,59.31
P00200,Main,Electronics,Brand44,307.32,430.95
P00201,Listen,Groceries,Brand26,32.62,37.07
P00202,Impact,Furniture,Brand39,52.44,85.29
P00203,Nothing,Groceries,Brand25,394.8,606.73
P00204,Least,Electronics,Brand22,234.78,328.62
P00205,Thousand,Electronics,Brand30,327.21,514.72
P00206,Worry,Electronics,Brand7,261.02,394.52
P00207,Group,Furniture,Brand37,11.08,17.72
P00208,Remember,Clothing,Brand27,67.36,98.09
P00209,Relate,Furniture,Brand16,243.29,373.35
P00210,Vote,Furniture,Brand20,73.15,82.72
P00211,Forget,Clothing,Brand20,294.34,429.5
P00212,Mother,Furniture,Brand10,293.91,434.63
P00213,Information,Clothing,Brand24,237.41,361.42
P00214,Itself,Furniture,Brand4,485.28,709.66
P00215,Choose,Electronics,Brand28,122.51,205.01
P00216,Politics,Furniture,Brand5,175.19,312.46
P00217,Point,Groceries,Brand39,174.07,272.86
P00218,Nature,Clothing,Brand40,347.74,589.91
P00219,Whatever,Electronics,Brand30,153.32,203.92
P00220,Strategy,Groceries,Brand15,438.67,762.14
P00221,Attorney,Furniture,Brand30,460.38,712.27
P00222,Myself,Clothing,Brand48,313.84,397.73
P00223,Between,Electronics,Brand24,191.08,263.73
P00224,Girl,Electronics,Brand10,9.9,13.37
P00225,Science,Clothing,Brand3,148.84,183.98
P00226,Official,Clothing,Brand12,487.78,604.55
P00227,Sea,Furniture,Brand22,113.38,145.51
P00228,Standard,Furniture,Brand2,424.53,540.08
P00229,To,Electronics,Brand2,92.16,118.26
P00230,Cost,Electronics,Brand22,416.57,498.25
P00231,Idea,Furniture,Brand24,468.38,615.24
P00232,The,Groceries,Brand46,405.7,633.96
P00233,Play,Furniture,Brand13,37.36,44.87
P00234,Character,Clothing,Brand21,99.88,136.31
P00235,Film,Furniture,Brand3,301.78,538.34
P00236,Discover,Clothing,Brand10,382.73,578.35
P00237,Plant,Clothing,Brand9,167.2,190.15
P00238,Which,Groceries,Brand14,426.49,758.24
P00239,Rule,Electronics,Brand11,365.01,602.0
P00240,Dream,Clothing,Brand32,256.76,417.47
P00241,Former,Clothing,Brand34,261.85,320.84
P00242,Perform,Groceries,Brand31,348.78,558.38
P00243,Finish,Electronics,Brand14,137.83,190.3
P00244,Bed,Furniture,Brand26,113.67,141.19
P00245,Apply,Groceries,Brand37,113.2,158.2
P00246,Performance,Clothing,Brand36,82.82,139.94
P00247,Send,Clothing,Brand29,46.96,76.36
P00248,Treat,Electronics,Brand30,261.82,330.19
P00249,Already,Groceries,Brand30,258.57,345.31
P00250,Need,Groceries,Brand21,219.09,297.36
P00251,Design,Groceries,Brand15,140.14,156.58
P00252,Religious,Electronics,Brand19,136.48,157.38
P00253,Production,Electronics,Brand18,422.09,615.81
P00254,May,Electronics,Brand24,463.67,541.98
P00255,Million,Furniture,Brand44,23.95,29.7
P00256,Live,Clothing,Brand13,167.97,220.36
P00257,Front,Clothing,Brand1,354.29,637.22
P00258,Future,Clothing,Brand26,386.19,501.0
P00259,Think,Electronics,Brand31,473.18,792.72
P00260,You,Furniture,Brand26,328.78,589.34
P00261,Life,Furniture,Brand31,117.65,188.99
P00262,Participant,Groceries,Brand47,120.69,182.35
P00263,President,Electronics,Brand21,408.13,546.27
P00264,Reach,Groceries,Brand14,423.67,593.2
P00265,Truth,Electronics,Brand24,222.15,377.0
P00266,Theory,Clothing,Brand48,73.78,126.28
P00267,Drive,Clothing,Brand22,9.79,16.32
P00268,Reflect,Groceries,Brand49,116.62,163.04
P00269,Others,Clothing,Brand38,390.43,576.4
P00270,Southern,Furniture,Brand10,16.5,27.22
P00271,Remember,Groceries,Brand25,488.74,877.77
P00272,In,Groceries,Brand13,106.08,145.7
P00273,Writer,Groceries,Brand41,240.01,319.26
P00274,Movie,Electronics,Brand44,447.9,521.92
P00275,Door,Groceries,Brand2,278.69,312.81
P00276,Structure,Groceries,Brand19,97.41,111.89
P00277,Eat,Electronics,Brand30,106.92,139.4
P00278,Again,Furniture,Brand21,33.44,48.92
P00279,Western,Furniture,Brand8,430.56,597.45
P00280,Record,Electronics,Brand25,68.92,96.0
P00281,Serve,Furniture,Brand14,477.77,815.07
P00282,Person,Groceries,Brand11,158.33,264.81
P00283,Customer,Furniture,Brand33,303.84,533.97
P00284,Doctor,Furniture,Brand1,359.8,511.37
P00285,Her,Groceries,Brand39,495.59,699.78
P00286,Dream,Groceries,Brand30,404.75,594.21
P00287,Consider,Electronics,Brand19,234.03,263.84
P00288,Page,Clothing,Brand45,324.92,566.41
P00289,Public,Groceries,Brand40,422.11,698.44
P00290,Identify,Groceries,Brand16,412.6,699.31
P00291,Board,Groceries,Brand30,93.89,143.88
P00292,Strong,Electronics,Brand26,195.41,305.1
P00293,Ask,Furniture,Brand18,350.83,396.64
P00294,Who,Electronics,Brand45,441.87,652.38
P00295,Out,Groceries,Brand27,364.64,631.4
P00296,Beat,Clothing,Brand5,496.23,737.88
P00297,Produce,Clothing,Brand27,378.92,550.6
P00298,Room,Electronics,Brand30,228.21,291.41
P00299,Usually,Groceries,Brand25,18.23,28.21
P00300,Record,Furniture,Brand26,175.11,241.57
P00301,Manager,Furniture,Brand21,23.7,30.23
P00302,Range,Groceries,Brand5,336.8,479.93
P00303,Treatment,Groceries,Brand9,45.86,71.54
P00304,He,Furniture,Brand11,238.04,308.36
P00305,Relationship,Furniture,Brand19,420.06,640.55
P00306,Dinner,Furniture,Brand5,66.45,107.58
P00307,Despite,Clothing,Brand10,337.34,373.72
P00308,Somebody,Electronics,Brand44,223.13,273.24
P00309,Middle,Electronics,Brand41,268.49,378.42
P00310,Degree,Electronics,Brand25,406.7,629.86
P00311,Say,Electronics,Brand4,346.72,489.15
P00312,Mother,Furniture,Brand24,387.34,634.07
P00313,Senior,Electronics,Brand27,454.83,563.98
P00314,Particular,Furniture,Brand44,18.83,20.9
P00315,Rich,Electronics,Brand43,336.13,421.64
P00316,Show,Groceries,Brand33,88.1,107.21
P00317,Type,Furniture,Brand40,58.3,77.48
P00318,Pass,Groceries,Brand8,107.52,159.04
P00319,Simply,Clothing,Brand12,120.04,140.94
P00320,During,Electronics,Brand25,12.42,19.35
P00321,Account,Clothing,Brand42,110.32,138.35
P00322,Rate,Furniture,Brand27,313.84,354.88
P00323,Natural,Electronics,Brand46,154.26,234.35
P00324,Continue,Furniture,Brand17,270.41,484.95
P00325,Mind,Groceries,Brand44,479.72,729.13
P00326,Kid,Furniture,Brand22,462.65,758.74
P00327,Thousand,Clothing,Brand43,91.79,149.91
P00328,Expert,Groceries,Brand25,243.65,325.17
P00329,Strategy,Electronics,Brand15,257.96,417.71
P00330,Shake,Electronics,Brand20,15.5,25.28
P00331,At,Furniture,Brand40,122.02,170.82
P00332,Tree,Groceries,Brand19,44.3,53.0
P00333,Worker,Electronics,Brand16,105.0,143.12
P00334,Cultural,Groceries,Brand48,462.09,701.75
P00335,Model,Clothing,Brand42,439.28,524.49
P00336,Manager,Groceries,Brand42,394.55,444.94
P00337,Movie,Furniture,Brand47,407.29,662.0
P00338,Seven,Electronics,Brand43,168.98,214.53
P00339,Protect,Furniture,Brand39,494.25,820.96
P00340,Audience,Furniture,Brand29,436.99,640.2
P00341,Rule,Groceries,Brand5,316.74,362.74
P00342,From,Furniture,Brand14,477.06,542.17
P00343,Really,Furniture,Brand16,67.15,82.03
P00344,Lose,Groceries,Brand20,256.18,358.23
P00345,Season,Groceries,Brand12,86.26,106.81
P00346,Happy,Groceries,Brand41,304.9,400.08
P00347,Per,Groceries,Brand6,104.69,178.36
P00348,Cost,Groceries,Brand11,475.75,643.07
P00349,Assume,Groceries,Brand49,238.0,332.22
P00350,Our,Groceries,Brand2,82.16,145.23
P00351,Truth,Electronics,Brand49,382.16,534.71
P00352,Teach,Furniture,Brand36,453.7,594.42
P00353,Must,Groceries,Brand20,364.69,466.84
P00354,Very,Groceries,Brand5,229.53,312.76
P00355,Goal,Furniture,Brand10,169.95,271.99
P00356,Project,Clothing,Brand32,458.49,505.68
P00357,Color,Groceries,Brand48,205.25,285.52
P00358,When,Electronics,Brand27,189.71,273.69
P00359,Around,Electronics,Brand25,443.07,795.19
P00360,Cultural,Groceries,Brand17,466.4,566.05
P00361,Mind,Clothing,Brand33,386.78,628.94
P00362,Popular,Clothing,Brand45,356.02,549.87
P00363,Across,Groceries,Brand48,33.56,45.97
P00364,Control,Clothing,Brand41,127.16,182.4
P00365,Debate,Furniture,Brand17,354.75,397.24
P00366,Care,Furniture,Brand17,304.69,536.55
P00367,Paper,Furniture,Brand1,127.47,191.82
P00368,Special,Groceries,Brand26,62.78,73.11
P00369,How,Electronics,Brand34,354.5,631.68
P00370,Boy,Furniture,Brand28,455.42,780.23
P00371,Change,Groceries,Brand38,130.17,170.72
P00372,Future,Electronics,Brand7,157.45,218.56
P00373,Because,Clothing,Brand10,319.91,525.83
P00374,Animal,Groceries,Brand45,138.17,172.25
P00375,Energy,Groceries,Brand1,157.51,282.09
P00376,Baby,Groceries,Brand34,52.95,86.92
P00377,Involve,Groceries,Brand11,211.34,275.13
P00378,Lot,Furniture,Brand13,92.32,113.6
P00379,There,Electronics,Brand29,245.8,356.86
P00380,Agree,Furniture,Brand4,285.71,356.8
P00381,Occur,Furniture,Brand17,376.21,626.93
P00382,Involve,Groceries,Brand41,491.56,840.63
P00383,Campaign,Furniture,Brand6,456.92,537.54
P00384,Single,Clothing,Brand5,150.1,204.8
P00385,Necessary,Groceries,Brand32,174.37,263.29
P00386,Place,Electronics,Brand18,338.04,395.7
P00387,Area,Electronics,Brand7,377.14,416.76
P00388,Maybe,Groceries,Brand39,109.48,181.11
P00389,Rather,Clothing,Brand32,262.44,465.42
P00390,Or,Groceries,Brand22,239.25,319.62
P00391,Main,Clothing,Brand16,188.54,324.87
P00392,Low,Groceries,Brand40,470.79,737.05
P00393,Body,Clothing,Brand7,33.33,44.97
P00394,Party,Groceries,Brand47,6.53,11.16
P00395,Whether,Electronics,Brand39,418.53,731.39
P00396,Protect,Furniture,Brand24,65.83,96.86
P00397,Notice,Groceries,Brand33,228.7,361.42
P00398,Former,Clothing,Brand2,209.5,258.01
P00399,Now,Clothing,Brand44,318.72,545.46
P00400,Note,Groceries,Brand48,224.93,342.96
P00401,Total,Groceries,Brand31,308.23,356.61
P00402,Someone,Electronics,Brand47,493.5,838.94
P00403,Step,Furniture,Brand34,195.5,298.14
P00404,Two,Electronics,Brand9,438.74,723.66
P00405,Whatever,Groceries,Brand11,251.47,291.95
P00406,Late,Groceries,Brand43,448.72,793.58
P00407,Reality,Furniture,Brand49,272.63,346.34
P00408,Knowledge,Electronics,Brand28,472.38,751.05
P00409,Bag,Clothing,Brand25,496.71,556.54
P00410,House,Clothing,Brand43,384.32,482.04
P00411,Up,Electronics,Brand43,240.77,416.11
P00412,Sort,Groceries,Brand6,72.2,106.44
P00413,Staff,Furniture,Brand37,398.79,531.57
P00414,Short,Clothing,Brand25,384.34,584.38
P00415,Establish,Groceries,Brand42,455.53,737.99
P00416,High,Groceries,Brand15,322.84,482.11
P00417,Health,Electronics,Brand8,115.66,136.59
P00418,Always,Furniture,Brand48,49.12,79.5
P00419,Form,Furniture,Brand21,471.29,707.4
P00420,Probably,Electronics,Brand20,477.26,717.72
P00421,Very,Groceries,Brand28,35.63,52.55
P00422,Garden,Furniture,Brand34,163.22,221.25
P00423,Form,Electronics,Brand26,333.55,504.84
P00424,Society,Clothing,Brand10,9.55,16.2
P00425,Agreement,Furniture,Brand32,408.99,534.87
P00426,Believe,Clothing,Brand10,341.59,411.0
P00427,Long,Electronics,Brand39,374.79,635.04
P00428,Lay,Electronics,Brand18,163.47,237.3
P00429,Free,Groceries,Brand41,498.44,794.8
P00430,Minute,Groceries,Brand4,415.2,600.59
P00431,Mr,Furniture,Brand47,490.67,654.16
P00432,Risk,Electronics,Brand50,467.54,587.96
P00433,Fill,Groceries,Brand20,93.62,134.93
P00434,Property,Furniture,Brand2,492.27,768.67
P00435,Pm,Groceries,Brand23,276.23,369.09
P00436,Impact,Clothing,Brand19,380.07,522.12
P00437,Sound,Groceries,Brand7,349.71,432.44
P00438,Remember,Electronics,Brand46,69.8,113.54
P00439,Perform,Furniture,Brand29,155.52,242.34
P00440,Particularly,Furniture,Brand14,349.5,455.66
P00441,List,Electronics,Brand24,112.98,183.46
P00442,Pay,Furniture,Brand25,364.35,547.61
P00443,Weight,Furniture,Brand4,475.45,665.14
P00444,Protect,Furniture,Brand4,52.54,93.62
P00445,Discuss,Clothing,Brand38,63.09,92.16
P00446,Shoulder,Groceries,Brand16,219.74,264.57
P00447,If,Groceries,Brand20,21.83,27.69
P00448,Much,Groceries,Brand50,345.55,611.0
P00449,Million,Electronics,Brand50,347.44,575.61
P00450,Computer,Groceries,Brand18,234.52,392.29
P00451,Mr,Electronics,Brand8,318.01,448.9
P00452,Machine,Furniture,Brand2,62.73,74.36
P00453,There,Groceries,Brand18,295.49,529.27
P00454,Nice,Furniture,Brand25,348.39,406.29
P00455,Tree,Groceries,Brand20,244.67,379.54
P00456,Public,Electronics,Brand46,287.85,336.67
P00457,Most,Furniture,Brand26,454.9,753.61
P00458,The,Groceries,Brand5,407.37,453.74
P00459,Low,Electronics,Brand49,261.86,395.23
P00460,Exist,Electronics,Brand12,377.73,670.84
P00461,Idea,Electronics,Brand36,431.69,684.94
P00462,Financial,Electronics,Brand9,226.38,298.82
P00463,Sport,Electronics,Brand36,289.67,450.97
P00464,End,Electronics,Brand8,132.1,214.95
P00465,Red,Furniture,Brand28,255.54,346.13
P00466,Social,Furniture,Brand20,488.67,762.67
P00467,Against,Clothing,Brand43,27.85,49.07
P00468,Too,Groceries,Brand45,269.38,322.69
P00469,Task,Clothing,Brand39,159.9,277.83
P00470,Model,Electronics,Brand43,271.41,338.42
P00471,Base,Furniture,Brand10,410.78,520.04
P00472,Similar,Furniture,Brand39,153.36,258.08
P00473,Now,Clothing,Brand9,278.27,421.37
P00474,Out,Clothing,Brand17,365.91,510.59
P00475,Everybody,Groceries,Brand30,193.98,336.08
P00476,According,Groceries,Brand45,46.21,59.05
P00477,Goal,Clothing,Brand41,75.91,94.33
P00478,Lead,Clothing,Brand37,349.92,432.09
P00479,Treatment,Furniture,Brand27,330.37,553.16
P00480,Member,Groceries,Brand25,411.68,544.02
P00481,Involve,Electronics,Brand18,17.83,27.15
P00482,Everything,Groceries,Brand5,66.69,78.49
P00483,Today,Clothing,Brand50,168.03,195.3
P00484,Story,Furniture,Brand18,140.26,239.59
P00485,That,Furniture,Brand25,9.88,13.48
P00486,Write,Electronics,Brand12,476.13,784.62
P00487,Meet,Groceries,Brand7,265.61,454.95
P00488,Magazine,Clothing,Brand36,266.84,424.36
P00489,There,Electronics,Brand11,139.17,162.74
P00490,Audience,Furniture,Brand23,162.41,264.13
P00491,Sport,Groceries,Brand31,404.01,636.1
P00492,Outside,Furniture,Brand43,298.19,382.08
P00493,Job,Clothing,Brand4,67.55,92.22
P00494,Benefit,Clothing,Brand46,459.63,711.25
P00495,Former,Groceries,Brand46,389.88,613.96
P00496,Available,Clothing,Brand30,231.6,325.92
P00497,Drop,Groceries,Brand34,253.6,327.92
P00498,Wear,Furniture,Brand20,471.13,808.92
P00499,Specific,Clothing,Brand27,319.64,371.06
P00500,What,Electronics,Brand5,386.44,653.73
P00501,Dinner,Furniture,Brand37,366.33,645.26
P00502,Himself,Groceries,Brand1,33.42,54.15
P00503,Population,Furniture,Brand31,481.27,672.23
P00504,Those,Electronics,Brand26,251.41,397.12
P00505,Explain,Electronics,Brand46,11.88,14.65
P00506,That,Clothing,Brand16,215.36,317.45
P00507,Increase,Electronics,Brand39,497.14,776.94
P00508,Might,Furniture,Brand12,227.08,276.58
P00509,House,Clothing,Brand4,42.19,71.2
P00510,Into,Clothing,Brand8,214.25,292.53
P00511,Relationship,Electronics,Brand19,172.29,271.42
P00512,Conference,Furniture,Brand1,153.09,199.86
P00513,Heavy,Furniture,Brand20,370.32,554.81
P00514,Get,Electronics,Brand30,464.91,823.54
P00515,Charge,Electronics,Brand23,446.78,756.78
P00516,Threat,Clothing,Brand23,7.92,11.26
P00517,Speech,Furniture,Brand26,58.05,78.07
P00518,Young,Groceries,Brand13,180.49,211.34
P00519,Need,Furniture,Brand27,46.95,68.55
P00520,Very,Furniture,Brand50,66.3,95.55
P00521,Size,Groceries,Brand24,330.03,415.27
P00522,Me,Furniture,Brand35,153.15,214.39
P00523,Thing,Groceries,Brand43,406.71,478.33
P00524,Gas,Clothing,Brand48,420.48,510.16
P00525,Culture,Furniture,Brand8,219.81,297.07
P00526,Republican,Groceries,Brand27,98.84,111.51
P00527,Think,Furniture,Brand43,373.24,645.97
P00528,Usually,Clothing,Brand8,103.5,148.57
P00529,Vote,Furniture,Brand21,213.44,316.98
P00530,Nature,Groceries,Brand33,376.79,620.29
P00531,When,Groceries,Brand9,364.37,590.03
P00532,Moment,Electronics,Brand9,59.32,69.73
P00533,Must,Furniture,Brand4,81.99,118.89
P00534,Meeting,Electronics,Brand28,340.76,456.45
P00535,Factor,Electronics,Brand49,242.7,314.92
P00536,Total,Furniture,Brand16,217.33,333.02
P00537,Market,Clothing,Brand45,144.16,170.18
P00538,Current,Furniture,Brand31,127.44,213.39
P00539,Church,Furniture,Brand13,354.7,591.27
P00540,Tend,Furniture,Brand15,496.31,751.33
P00541,Huge,Clothing,Brand13,64.63,89.25
P00542,Everyone,Furniture,Brand6,464.9,650.12
P00543,Degree,Clothing,Brand45,432.85,591.38
P00544,Heart,Clothing,Brand28,318.49,401.93
P00545,Each,Electronics,Brand20,242.2,352.86
P00546,Five,Clothing,Brand46,59.48,80.57
P00547,Than,Electronics,Brand12,211.95,280.6
P00548,Million,Clothing,Brand14,25.24,28.69
P00549,Become,Electronics,Brand28,146.23,189.53
P00550,System,Clothing,Brand22,96.5,170.21
P00551,Situation,Electronics,Brand44,155.66,181.78
P00552,Edge,Clothing,Brand24,278.13,473.76
P00553,Meet,Clothing,Brand16,371.94,503.22
P00554,Rich,Groceries,Brand6,326.87,407.61
P00555,Turn,Electronics,Brand3,444.16,529.15
P00556,Play,Furniture,Brand13,295.35,513.47
P00557,Benefit,Electronics,Brand35,353.81,618.41
P00558,Quality,Groceries,Brand49,311.41,408.27
P00559,Full,Electronics,Brand9,104.99,168.46
P00560,Can,Clothing,Brand49,99.89,148.37
P00561,Relate,Clothing,Brand24,427.45,741.53
P00562,Big,Groceries,Brand5,227.0,363.68
P00563,Cover,Electronics,Brand11,244.0,357.86
P00564,Food,Furniture,Brand19,301.58,478.82
P00565,Interest,Furniture,Brand48,27.5,41.15
P00566,Down,Electronics,Brand11,408.19,590.45
P00567,Have,Groceries,Brand26,221.68,322.88
P00568,Room,Electronics,Brand11,305.57,380.39
P00569,Drug,Electronics,Brand33,288.09,436.31
P00570,Beyond,Clothing,Brand20,230.44,367.65
P00571,Entire,Clothing,Brand36,426.98,558.26
P00572,See,Furniture,Brand19,63.96,80.38
P00573,White,Clothing,Brand9,24.35,29.31
P00574,Service,Furniture,Brand14,138.87,229.61
P00575,Mind,Clothing,Brand41,269.62,296.85
P00576,Assume,Electronics,Brand46,304.55,413.69
P00577,Response,Furniture,Brand27,442.57,568.63
P00578,Fear,Electronics,Brand41,449.68,587.47
P00579,Wrong,Furniture,Brand47,408.88,685.59
P00580,Court,Electronics,Brand35,482.79,590.8
P00581,Quite,Electronics,Brand47,330.37,564.14
P00582,Final,Clothing,Brand41,374.16,511.62
P00583,Organization,Groceries,Brand15,318.98,473.88
P00584,Possible,Groceries,Brand10,165.51,205.69
P00585,Sound,Groceries,Brand24,225.8,363.73
P00586,Current,Groceries,Brand12,78.43,112.57
P00587,Beautiful,Furniture,Brand13,232.4,388.32
P00588,Mean,Furniture,Brand42,286.98,505.18
P00589,Team,Furniture,Brand26,144.61,190.47
P00590,Not,Furniture,Brand5,345.25,425.17
P00591,Assume,Groceries,Brand7,216.07,306.5
P00592,Able,Electronics,Brand39,363.53,434.82
P00593,Box,Electronics,Brand1,54.37,74.42
P00594,Discuss,Electronics,Brand9,382.91,593.95
P00595,Detail,Furniture,Brand41,127.93,148.21
P00596,Must,Electronics,Brand7,301.82,499.42
P00597,Because,Electronics,Brand13,273.47,457.45
P00598,High,Groceries,Brand11,73.92,120.62
P00599,Policy,Furniture,Brand4,157.16,225.56
P00600,Ball,Electronics,Brand2,274.05,352.76
P00601,Study,Clothing,Brand7,413.34,484.42
P00602,Think,Furniture,Brand1,258.21,435.22
P00603,Agent,Groceries,Brand25,456.52,509.84
P00604,Language,Furniture,Brand44,77.95,121.5
P00605,Kitchen,Electronics,Brand32,195.45,335.97
P00606,Off,Electronics,Brand19,88.93,104.68
P00607,For,Electronics,Brand24,181.87,278.44
P00608,Field,Electronics,Brand39,462.04,805.76
P00609,School,Clothing,Brand39,79.8,111.72
P00610,Task,Clothing,Brand40,94.78,132.47
P00611,Wall,Electronics,Brand18,409.69,550.57
P00612,Nor,Clothing,Brand46,458.54,716.8
P00613,Baby,Furniture,Brand50,400.35,661.46
P00614,By,Groceries,Brand29,329.65,436.52
P00615,Life,Groceries,Brand5,362.07,597.37
P00616,Position,Clothing,Brand10,61.02,85.38
P00617,At,Furniture,Brand50,49.77,89.4
P00618,Likely,Groceries,Brand31,195.58,258.85
P00619,Want,Clothing,Brand9,348.24,483.97
P00620,Strategy,Furniture,Brand25,402.06,626.32
P00621,Carry,Groceries,Brand35,212.24,307.32
P00622,Along,Electronics,Brand38,270.43,341.03
P00623,Could,Furniture,Brand45,358.89,527.16
P00624,Perform,Furniture,Brand2,48.19,65.21
P00625,Cell,Furniture,Brand8,184.39,264.0
P00626,Memory,Furniture,Brand19,34.49,46.37
P00627,Total,Groceries,Brand16,232.89,392.34
P00628,Woman,Furniture,Brand8,109.31,137.43
P00629,Program,Groceries,Brand47,481.22,766.47
P00630,Remember,Clothing,Brand4,18.04,32.03
P00631,Head,Electronics,Brand31,352.19,550.8
P00632,Particularly,Electronics,Brand10,419.53,717.12
P00633,Table,Electronics,Brand1,185.8,214.65
P00634,Its,Furniture,Brand49,286.75,478.76
P00635,Analysis,Clothing,Brand31,95.3,154.43
P00636,Car,Electronics,Brand19,208.7,278.85
P00637,Few,Electronics,Brand39,60.08,68.61
P00638,We,Electronics,Brand26,376.81,547.24
P00639,Herself,Groceries,Brand36,417.18,657.45
P00640,Art,Clothing,Brand46,357.15,457.38
P00641,Drug,Clothing,Brand6,117.52,205.9
P00642,Professor,Furniture,Brand48,263.14,469.59
P00643,Mother,Furniture,Brand26,109.87,168.47
P00644,Political,Electronics,Brand45,95.93,155.62
P00645,Since,Groceries,Brand25,236.88,312.5
P00646,State,Groceries,Brand13,86.59,143.94
P00647,Heart,Clothing,Brand39,138.61,162.6
P00648,Cultural,Furniture,Brand19,390.5,521.25
P00649,Animal,Furniture,Brand39,85.57,100.5
P00650,Level,Furniture,Brand36,10.43,18.11
P00651,She,Furniture,Brand18,104.85,183.53
P00652,Music,Electronics,Brand37,47.09,70.59
P00653,Wide,Electronics,Brand21,493.31,709.71
P00654,Attention,Clothing,Brand49,51.14,67.3
P00655,Cause,Furniture,Brand21,144.79,199.62
P00656,Kid,Furniture,Brand45,377.16,606.47
P00657,Simple,Electronics,Brand33,338.97,451.48
P00658,Fall,Groceries,Brand31,404.71,487.73
P00659,East,Clothing,Brand11,295.25,500.87
P00660,Their,Electronics,Brand46,80.01,113.95
P00661,Television,Furniture,Brand50,119.63,149.65
P00662,Deep,Clothing,Brand29,360.68,647.56
P00663,Hit,Clothing,Brand40,393.75,526.57
P00664,Meeting,Groceries,Brand16,428.7,600.88
P00665,As,Electronics,Brand10,108.37,165.51
P00666,Garden,Electronics,Brand1,285.62,513.0
P00667,Blood,Electronics,Brand32,75.6,129.22
P00668,Opportunity,Clothing,Brand11,51.59,68.08
P00669,Poor,Clothing,Brand6,38.74,58.25
P00670,Be,Groceries,Brand17,40.21,64.23
P00671,Full,Groceries,Brand42,493.14,880.22
P00672,Should,Groceries,Brand3,462.46,812.95
P00673,Majority,Groceries,Brand40,184.92,240.51
P00674,Spring,Clothing,Brand33,458.98,546.32
P00675,Owner,Clothing,Brand6,423.19,747.54
P00676,Computer,Clothing,Brand44,342.69,498.33
P00677,Eight,Electronics,Brand48,26.12,46.6
P00678,Those,Electronics,Brand10,396.34,630.11
P00679,Buy,Furniture,Brand37,427.26,556.92
P00680,Situation,Groceries,Brand30,202.64,233.26
P00681,Particular,Groceries,Brand42,336.23,451.98
P00682,Edge,Electronics,Brand6,269.88,451.46
P00683,Want,Groceries,Brand50,94.24,110.81
P00684,Maybe,Electronics,Brand21,219.39,302.99
P00685,Table,Furniture,Brand45,174.5,265.77
P00686,Show,Groceries,Brand3,371.94,438.9
P00687,Your,Furniture,Brand41,274.82,484.78
P00688,Court,Groceries,Brand4,110.67,165.76
P00689,Per,Groceries,Brand31,468.55,633.97
P00690,Agency,Electronics,Brand49,110.64,138.08
P00691,Lot,Furniture,Brand6,343.42,442.63
P00692,Another,Electronics,Brand20,75.16,97.09
P00693,Hot,Groceries,Brand34,437.52,619.53
P00694,Suggest,Furniture,Brand4,110.98,191.46
P00695,Or,Clothing,Brand49,50.76,87.87
P00696,Ball,Groceries,Brand31,151.97,188.29
P00697,Always,Furniture,Brand45,240.37,380.31
P00698,Recent,Groceries,Brand1,221.21,384.64
P00699,Ahead,Furniture,Brand5,282.65,487.75
P00700,Last,Furniture,Brand21,362.75,545.92
P00701,Process,Clothing,Brand1,333.71,559.45
P00702,Firm,Furniture,Brand32,79.5,112.97
P00703,Ball,Groceries,Brand17,432.83,510.53
P00704,Sign,Groceries,Brand9,262.74,289.69
P00705,Official,Electronics,Brand3,318.98,493.54
P00706,Understand,Groceries,Brand45,113.22,202.13
P00707,Home,Groceries,Brand14,275.31,334.85
P00708,Rock,Electronics,Brand24,177.3,313.23
P00709,Owner,Clothing,Brand33,407.82,453.22
P00710,Action,Groceries,Brand42,410.43,487.31
P00711,Side,Clothing,Brand23,499.53,694.27
P00712,Thought,Clothing,Brand8,414.95,580.14
P00713,Skin,Clothing,Brand12,463.54,658.77
P00714,Response,Groceries,Brand25,278.61,338.19
P00715,Worker,Groceries,Brand41,146.09,228.15
P00716,Table,Electronics,Brand6,145.21,222.79
P00717,Draw,Electronics,Brand40,403.94,473.69
P00718,Those,Electronics,Brand41,466.59,547.11
P00719,Special,Electronics,Brand43,224.83,338.79
P00720,Rock,Furniture,Brand50,148.5,207.08
P00721,Toward,Furniture,Brand31,230.04,314.41
P00722,Result,Groceries,Brand27,475.52,639.78
P00723,Difficult,Groceries,Brand1,454.46,705.05
P00724,College,Clothing,Brand18,470.11,774.52
P00725,Among,Groceries,Brand44,440.41,565.99
P00726,Couple,Groceries,Brand3,124.57,215.52
P00727,Decision,Clothing,Brand34,12.69,15.32
P00728,Marriage,Clothing,Brand11,410.92,624.58
P00729,Newspaper,Furniture,Brand36,479.78,861.2
P00730,Traditional,Groceries,Brand4,486.88,601.23
P00731,Later,Furniture,Brand41,401.66,604.3
P00732,Else,Groceries,Brand21,198.25,319.12
P00733,Above,Electronics,Brand46,261.05,367.08
P00734,Brother,Groceries,Brand49,401.58,583.49
P00735,Film,Furniture,Brand21,315.52,404.55
P00736,Country,Groceries,Brand1,105.86,123.36
P00737,So,Electronics,Brand40,316.3,479.29
P00738,Bad,Electronics,Brand37,355.25,619.7
P00739,Professional,Furniture,Brand30,194.29,314.68
P00740,Between,Furniture,Brand16,319.06,524.63
P00741,World,Furniture,Brand35,328.0,411.71
P00742,Meet,Groceries,Brand50,421.03,677.19
P00743,Mean,Electronics,Brand10,133.94,152.19
P00744,Sea,Electronics,Brand8,315.58,488.16
P00745,Different,Electronics,Brand10,232.27,352.38
P00746,Exist,Electronics,Brand5,144.82,249.99
P00747,Rule,Furniture,Brand26,249.65,337.77
P00748,No,Groceries,Brand5,54.83,90.84
P00749,Professor,Furniture,Brand44,245.83,378.08
P00750,Mouth,Groceries,Brand11,212.85,366.7
P00751,Reach,Furniture,Brand43,94.0,104.07
P00752,Every,Electronics,Brand8,285.81,435.76
P00753,Site,Groceries,Brand40,488.08,876.41
P00754,Prepare,Clothing,Brand8,302.0,333.26
P00755,Give,Electronics,Brand34,100.46,112.58
P00756,Expert,Clothing,Brand8,258.31,311.69
P00757,Affect,Furniture,Brand15,449.79,504.06
P00758,Point,Furniture,Brand18,46.3,73.34
P00759,Much,Electronics,Brand23,140.46,174.1
P00760,According,Groceries,Brand48,355.5,553.28
P00761,Might,Groceries,Brand13,405.46,569.77
P00762,Board,Clothing,Brand26,128.8,159.52
P00763,Guess,Clothing,Brand11,55.93,92.58
P00764,Concern,Groceries,Brand28,398.08,703.66
P00765,Factor,Clothing,Brand21,442.01,617.32
P00766,Audience,Groceries,Brand13,313.34,477.88
P00767,Activity,Electronics,Brand29,285.74,389.11
P00768,Hour,Clothing,Brand38,87.79,98.64
P00769,Anyone,Clothing,Brand26,207.86,316.51
P00770,Environment,Clothing,Brand28,19.82,24.3
P00771,Will,Electronics,Brand14,396.49,535.43
P00772,Level,Clothing,Brand8,330.19,449.18
P00773,Put,Clothing,Brand14,9.77,15.45
P00774,Experience,Furniture,Brand36,235.36,389.91
P00775,Finally,Furniture,Brand34,37.79,49.07
P00776,Sport,Electronics,Brand37,112.64,168.13
P00777,Quite,Groceries,Brand21,446.87,623.48
P00778,Brother,Electronics,Brand32,407.63,504.93
P00779,According,Groceries,Brand8,251.83,451.58
P00780,Loss,Clothing,Brand38,66.43,81.03
P00781,Rule,Clothing,Brand2,194.51,292.44
P00782,Group,Electronics,Brand30,323.61,549.9
P00783,Why,Groceries,Brand3,145.76,246.21
P00784,Action,Electronics,Brand22,448.44,781.46
P00785,Over,Electronics,Brand27,324.16,372.34
P00786,Realize,Clothing,Brand26,363.01,469.11
P00787,True,Groceries,Brand40,44.48,73.05
P00788,Table,Groceries,Brand32,28.3,37.04
P00789,Catch,Electronics,Brand24,425.09,755.39
P00790,Address,Furniture,Brand4,469.16,549.82
P00791,It,Clothing,Brand45,413.6,495.13
P00792,They,Electronics,Brand13,363.51,457.46
P00793,Mrs,Electronics,Brand45,363.43,606.42
P00794,Step,Electronics,Brand8,434.67,557.15
P00795,Yourself,Clothing,Brand22,28.76,37.76
P00796,Hundred,Groceries,Brand18,345.52,571.54
P00797,Watch,Groceries,Brand8,350.84,613.06
P00798,Appear,Groceries,Brand41,67.51,114.99
P00799,Live,Furniture,Brand37,226.16,268.15
P00800,Hotel,Clothing,Brand21,241.57,348.6
P00801,Citizen,Electronics,Brand17,387.46,557.13
P00802,Let,Clothing,Brand36,384.27,614.05
P00803,Main,Furniture,Brand45,418.59,531.47
P00804,Wear,Electronics,Brand14,43.62,77.65
P00805,Public,Groceries,Brand13,11.5,14.39
P00806,Professional,Clothing,Brand49,246.38,329.73
P00807,Impact,Furniture,Brand33,472.47,754.04
P00808,Central,Clothing,Brand25,57.3,68.25
P00809,Agreement,Furniture,Brand50,487.66,832.68
P00810,Article,Groceries,Brand11,203.1,233.17
P00811,Others,Electronics,Brand10,344.7,608.76
P00812,Alone,Electronics,Brand16,233.17,273.98
P00813,Suddenly,Clothing,Brand2,13.21,18.79
P00814,Assume,Clothing,Brand17,240.74,354.28
P00815,Election,Clothing,Brand28,63.57,94.41
P00816,Identify,Groceries,Brand33,109.97,151.52
P00817,Language,Clothing,Brand7,170.2,239.8
P00818,Now,Groceries,Brand13,29.32,40.1
P00819,Really,Clothing,Brand34,150.53,208.02
P00820,Visit,Electronics,Brand44,305.69,447.23
P00821,Arm,Electronics,Brand15,29.69,37.83
P00822,Crime,Clothing,Brand16,62.02,107.08
P00823,Matter,Furniture,Brand40,37.59,44.01
P00824,Someone,Groceries,Brand7,351.26,485.86
P00825,Everything,Clothing,Brand32,113.84,190.89
P00826,Push,Clothing,Brand41,106.82,176.25
P00827,Writer,Electronics,Brand7,147.56,223.91
P00828,Important,Groceries,Brand48,96.61,167.66
P00829,Family,Furniture,Brand11,156.14,270.85
P00830,Figure,Furniture,Brand22,160.98,184.9
P00831,Painting,Electronics,Brand43,450.44,540.21
P00832,Tonight,Furniture,Brand17,239.93,320.03
P00833,Avoid,Electronics,Brand39,441.22,538.07
P00834,Third,Electronics,Brand32,179.31,256.71
P00835,Need,Electronics,Brand2,437.24,625.6
P00836,Minute,Furniture,Brand34,285.8,512.52
P00837,Language,Electronics,Brand7,254.06,413.74
P00838,Child,Groceries,Brand32,155.78,251.64
P00839,Major,Clothing,Brand43,368.73,661.08
P00840,Window,Electronics,Brand23,245.81,333.07
P00841,History,Groceries,Brand8,154.06,205.46
P00842,Space,Electronics,Brand10,138.62,202.87
P00843,Tough,Furniture,Brand23,489.43,831.73
P00844,Law,Groceries,Brand24,251.43,319.58
P00845,Big,Groceries,Brand41,107.12,124.53
P00846,See,Groceries,Brand34,58.43,75.48
P00847,Woman,Clothing,Brand22,91.6,159.13
P00848,Sound,Clothing,Brand20,198.56,276.42
P00849,Pull,Clothing,Brand40,99.33,149.56
P00850,Yet,Clothing,Brand19,65.87,109.13
P00851,Or,Furniture,Brand30,59.54,65.84
P00852,Development,Clothing,Brand40,342.06,501.54
P00853,Wait,Groceries,Brand19,281.28,341.42
P00854,Us,Groceries,Brand3,36.99,48.32
P00855,Nearly,Electronics,Brand4,112.58,188.89
P00856,Environment,Clothing,Brand43,246.74,272.29
P00857,Voice,Furniture,Brand23,417.88,474.27
P00858,Everyone,Furniture,Brand6,439.97,725.81
P00859,Show,Furniture,Brand28,358.03,429.58
P00860,However,Furniture,Brand3,294.69,340.81
P00861,Easy,Groceries,Brand28,239.22,322.53
P00862,Marriage,Clothing,Brand20,202.56,351.02
P00863,Suddenly,Groceries,Brand44,300.53,367.04
P00864,Kind,Furniture,Brand44,438.59,729.4
P00865,Husband,Groceries,Brand36,384.99,490.87
P00866,Of,Clothing,Brand37,103.76,136.29
P00867,Night,Furniture,Brand25,463.92,660.07
P00868,Society,Electronics,Brand9,392.29,660.5
P00869,Travel,Clothing,Brand30,265.65,421.29
P00870,Themselves,Groceries,Brand30,180.33,257.26
P00871,Impact,Groceries,Brand6,18.7,27.89
P00872,West,Clothing,Brand16,379.15,580.34
P00873,Director,Clothing,Brand4,292.26,397.82
P00874,Price,Groceries,Brand43,378.89,520.92
P00875,Call,Groceries,Brand4,7.95,13.24
P00876,Be,Electronics,Brand22,46.91,60.47
P00877,Contain,Groceries,Brand45,299.2,501.27
P00878,By,Electronics,Brand45,169.0,193.1
P00879,Establish,Groceries,Brand9,106.51,127.91
P00880,Talk,Furniture,Brand20,115.65,181.91
P00881,Too,Electronics,Brand32,315.98,506.64
P00882,Ready,Electronics,Brand1,313.71,389.15
P00883,Quite,Electronics,Brand16,80.75,138.56
P00884,Final,Groceries,Brand26,106.13,151.94
P00885,Loss,Groceries,Brand31,32.55,38.58
P00886,Machine,Clothing,Brand40,491.43,822.75
P00887,Home,Electronics,Brand28,342.25,582.35
P00888,Color,Furniture,Brand48,77.39,86.3
P00889,Realize,Furniture,Brand31,330.45,403.0
P00890,Arrive,Electronics,Brand38,242.83,316.31
P00891,Father,Groceries,Brand25,249.02,390.31
P00892,Make,Groceries,Brand28,350.34,411.7
P00893,Realize,Electronics,Brand37,78.34,101.72
P00894,Wife,Electronics,Brand42,197.77,297.92
P00895,First,Groceries,Brand3,326.96,510.07
P00896,Should,Furniture,Brand30,454.51,612.82
P00897,Young,Electronics,Brand11,441.8,627.73
P00898,Long,Furniture,Brand23,182.09,309.39
P00899,Approach,Electronics,Brand12,451.76,662.98
P00900,East,Clothing,Brand30,329.68,443.85
P00901,Create,Clothing,Brand49,359.02,592.63
P00902,Few,Electronics,Brand42,330.93,577.95
P00903,Card,Furniture,Brand37,244.45,433.6
P00904,Later,Clothing,Brand9,355.71,517.52
P00905,Father,Clothing,Brand38,350.4,529.87
P00906,Series,Electronics,Brand2,310.65,429.52
P00907,Respond,Electronics,Brand43,426.76,516.99
P00908,Far,Groceries,Brand21,57.58,100.99
P00909,Shake,Furniture,Brand7,381.16,681.11
P00910,Near,Groceries,Brand49,450.4,550.3
P00911,Model,Electronics,Brand40,486.79,849.77
P00912,Yeah,Electronics,Brand29,128.99,145.27
P00913,Raise,Electronics,Brand12,382.86,583.7
P00914,Total,Groceries,Brand9,163.97,260.57
P00915,Language,Furniture,Brand13,494.49,742.55
P00916,Travel,Clothing,Brand15,129.98,182.79
P00917,Young,Furniture,Brand6,104.59,126.92
P00918,Speech,Electronics,Brand14,293.14,451.55
P00919,Want,Electronics,Brand24,21.45,25.71
P00920,Require,Electronics,Brand22,388.32,581.63
P00921,Others,Groceries,Brand13,96.73,155.83
P00922,Think,Groceries,Brand33,417.04,625.25
P00923,Seat,Furniture,Brand5,179.29,274.84
P00924,Huge,Electronics,Brand37,222.24,341.77
P00925,Family,Clothing,Brand7,43.68,71.97
P00926,Measure,Clothing,Brand2,63.37,79.94
P00927,Issue,Clothing,Brand25,115.89,203.78
P00928,Those,Furniture,Brand19,353.12,405.23
P00929,Ok,Clothing,Brand26,42.01,63.13
P00930,Different,Electronics,Brand38,311.23,461.29
P00931,Individual,Clothing,Brand42,238.13,414.86
P00932,Century,Clothing,Brand13,19.84,26.52
P00933,Worker,Furniture,Brand14,170.6,278.98
P00934,Kind,Electronics,Brand16,275.81,445.08
P00935,Such,Electronics,Brand23,249.31,414.84
P00936,What,Electronics,Brand36,490.62,865.91
P00937,Star,Electronics,Brand7,241.99,288.12
P00938,Floor,Clothing,Brand28,22.62,32.92
P00939,Beautiful,Furniture,Brand2,241.41,397.62
P00940,Tell,Furniture,Brand35,465.97,521.16
P00941,Special,Electronics,Brand36,306.03,417.91
P00942,Foot,Groceries,Brand45,243.68,334.08
P00943,Attack,Furniture,Brand8,66.99,106.58
P00944,Yet,Clothing,Brand23,221.79,383.25
P00945,Could,Electronics,Brand16,100.85,141.75
P00946,Event,Furniture,Brand27,119.86,181.23
P00947,Lay,Electronics,Brand1,375.0,645.69
P00948,Like,Electronics,Brand5,437.26,557.48
P00949,Huge,Clothing,Brand3,33.04,46.49
P00950,Remember,Furniture,Brand19,160.49,244.22
P00951,Growth,Electronics,Brand43,69.21,95.4
P00952,Yourself,Furniture,Brand32,43.02,54.86
P00953,Energy,Furniture,Brand29,354.1,591.13
P00954,Half,Clothing,Brand42,358.0,629.72
P00955,Nor,Clothing,Brand45,125.88,217.15
P00956,Per,Clothing,Brand27,273.0,320.25
P00957,Design,Clothing,Brand6,354.22,543.84
P00958,Network,Furniture,Brand20,105.76,126.49
P00959,Perhaps,Clothing,Brand47,372.24,464.38
P00960,Pretty,Furniture,Brand45,409.11,490.68
P00961,Address,Electronics,Brand2,222.94,364.49
P00962,Season,Clothing,Brand38,251.96,283.11
P00963,City,Electronics,Brand4,195.17,327.7
P00964,Hotel,Groceries,Brand2,143.15,218.56
P00965,Second,Electronics,Brand15,432.07,591.62
P00966,Show,Groceries,Brand35,106.84,131.32
P00967,Far,Clothing,Brand2,30.87,40.55
P00968,Within,Clothing,Brand17,455.48,741.58
P00969,Subject,Electronics,Brand22,406.07,614.66
P00970,Word,Groceries,Brand47,364.26,559.17
P00971,As,Electronics,Brand36,464.64,755.82
P00972,Fast,Clothing,Brand35,197.11,316.34
P00973,Writer,Clothing,Brand11,234.43,351.84
P00974,Democrat,Furniture,Brand9,480.35,685.52
P00975,Thousand,Clothing,Brand6,454.32,589.02
P00976,Method,Clothing,Brand22,499.41,819.0
P00977,On,Clothing,Brand24,287.69,324.23
P00978,Safe,Electronics,Brand8,138.03,176.04
P00979,Page,Clothing,Brand12,156.91,245.18
P00980,Stand,Electronics,Brand30,224.69,249.87
P00981,Foreign,Furniture,Brand27,23.32,31.51
P00982,Crime,Clothing,Brand40,34.0,59.74
P00983,Accept,Groceries,Brand12,277.97,491.26
P00984,Leg,Clothing,Brand32,132.71,219.07
P00985,Inside,Furniture,Brand40,67.98,104.77
P00986,And,Electronics,Brand12,329.71,416.38
P00987,Evidence,Clothing,Brand3,343.8,585.28
P00988,Pressure,Clothing,Brand17,278.94,351.34
P00989,Loss,Clothing,Brand35,12.98,21.96
P00990,Near,Clothing,Brand7,360.57,548.21
P00991,Remain,Electronics,Brand16,43.35,61.15
P00992,Deep,Groceries,Brand5,106.0,158.92
P00993,International,Furniture,Brand2,322.73,552.87
P00994,Charge,Clothing,Brand27,166.64,275.24
P00995,Write,Clothing,Brand40,449.21,611.96
P00996,Important,Clothing,Brand10,20.42,27.73
P00997,Measure,Furniture,Brand21,456.38,510.18
P00998,Exist,Clothing,Brand14,257.84,424.56
P00999,Purpose,Furniture,Brand25,192.53,290.31
P01000,High,Electronics,Brand15,382.49,594.56
